{
    "name": "Identity",
    "children": [
        {
            "name": "Developer by Profession",
            "children": [
                {
                    "name":"Employed full-time",
                    "children": [
                        {
                            "name":""
                        }
                    ]              
                },
                {
                    "name":"Employed part-time",
                    "children": [
                        {
                            "name":""
                        }
                    ]
                },
                {
                    "name":"Freelancer",
                    "children": [
                        {
                            "name":""
                        }
                    ]
                },
                {
                    "name":"Retired",
                    "children": [
                        {
                            "name":""
                        }
                    ]
                }
                
            ]           
        },
        {
            "name": "Not primarily a developer, but write code sometimes as part of work",
            "children": [
                {
                    "name":"Code as a hobby"       
                },
                { "name":"code for work",
                "children":[
                    {
                        "name":"Employed"
                    }, {"name": "not employed"}
                ]}
            ]
        },
        {
            "name": "Used to be a developer by profession, no longer to be",
            "children": [
                {

                }
            ]
        },
        {
            "name": "student who is learning code",
            "children": [
                {
                    "name":"full-time student"
                },
                {
                    "name": "part-time student"
                }
            ]
        },
        {
            "name": "Code as a hobby",
            "children": [
                {

                }
            ]
        }
        
    ]
}