[
    [
        {"key":"Python","value":658},
        {"key":"HTML/CSS","value":30},
        {"key":"SQL","value":720},
        {"key":"VBA","value":214},
        {"key":"JavaScript","value":227},
        {"key":"Other(s):","value":353},
        {"key":"TypeScript","value":235},
        {"key":"C++","value":45},
        {"key":"R","value":37},
        {"key":"Swift","value":165},
        {"key":"NA","value":122},
        {"key":"WebAssembly","value":38},
        {"key":"Ruby","value":62},
        {"key":"C#","value":56},
        {"key":"Java","value":116},
        {"key":"Rust","value":70},
        {"key":"Kotlin","value":18},
        {"key":"Scala","value":14},
        {"key":"PHP","value":116},
        {"key":"Go","value":3},
        {"key":"Bash/Shell/PowerShell","value":5},
        {"key":"Objective-C","value":2},
        {"key":"Assembly","value":4},
        {"key":"C","value":22},
        {"key":"Erlang","value":1},
        {"key":"F#","value":1},
        {"key":"Clojure","value":2},
        {"key":"Dart","value":1},
        {"key":"Elixir","value":3}
  	]
]