[
    [
        {"key":"Python","value":0},
        {"key":"HTML/CSS","value":0},
        {"key":"SQL","value":0},
        {"key":"VBA","value":0},
        {"key":"JavaScript","value":0},
        {"key":"Other(s):","value":0},
        {"key":"TypeScript","value":0},
        {"key":"C++","value":0},
        {"key":"R","value":0},
        {"key":"Swift","value":0},
        {"key":"NA","value":0},
        {"key":"WebAssembly","value":0},
        {"key":"Ruby","value":0},
        {"key":"C#","value":0},
        {"key":"Java","value":0},
        {"key":"Rust","value":0},
        {"key":"Kotlin","value":0},
        {"key":"Scala","value":0},
        {"key":"PHP","value":0},
        {"key":"Go","value":0},
        {"key":"Bash/Shell/PowerShell","value":0},
        {"key":"Objective-C","value":0},
        {"key":"Assembly","value":0},
        {"key":"C","value":0},
        {"key":"Erlang","value":0},
        {"key":"F#","value":0},
        {"key":"Clojure","value":0},
        {"key":"Dart","value":0},
        {"key":"Elixir","value":0}
  	]
]