[
    [
        {"key":"Python","value":1141},
        {"key":"HTML/CSS","value":44},
        {"key":"SQL","value":2370},
        {"key":"VBA","value":833},
        {"key":"JavaScript","value":253},
        {"key":"Other(s):","value":1021},
        {"key":"TypeScript","value":431},
        {"key":"C++","value":34},
        {"key":"R","value":372},
        {"key":"Swift","value":164},
        {"key":"NA","value":125},
        {"key":"WebAssembly","value":57},
        {"key":"Ruby","value":153},
        {"key":"C#","value":46},
        {"key":"Java","value":110},
        {"key":"Rust","value":67},
        {"key":"Kotlin","value":15},
        {"key":"Scala","value":50},
        {"key":"PHP","value":156},
        {"key":"Go","value":11},
        {"key":"Bash/Shell/PowerShell","value":45},
        {"key":"Objective-C","value":8},
        {"key":"Assembly","value":12},
        {"key":"C","value":13},
        {"key":"Erlang","value":1},
        {"key":"F#","value":1},
        {"key":"Clojure","value":4},
        {"key":"Dart","value":2},
        {"key":"Elixir","value":0}
  	]
]