[
    [
        {"key":"Python","value":5413},
        {"key":"HTML/CSS","value":119},
        {"key":"SQL","value":21322},
        {"key":"VBA","value":2533},
        {"key":"JavaScript","value":3440},
        {"key":"Other(s):","value":5596},
        {"key":"TypeScript","value":14502},
        {"key":"C++","value":389},
        {"key":"R","value":365},
        {"key":"Swift","value":3287},
        {"key":"NA","value":405},
        {"key":"WebAssembly","value":637},
        {"key":"Ruby","value":1258},
        {"key":"C#","value":792},
        {"key":"Java","value":1336},
        {"key":"Rust","value":466},
        {"key":"Kotlin","value":790},
        {"key":"Scala","value":705},
        {"key":"PHP","value":1849},
        {"key":"Go","value":88},
        {"key":"Bash/Shell/PowerShell","value":19},
        {"key":"Objective-C","value":172},
        {"key":"Assembly","value":14},
        {"key":"C","value":77},
        {"key":"Erlang","value":13},
        {"key":"F#","value":35},
        {"key":"Clojure","value":35},
        {"key":"Dart","value":14},
        {"key":"Elixir","value":8}
  	]
]