[
    [
        {"key":"Python","value":1829},
        {"key":"HTML/CSS","value":169},
        {"key":"SQL","value":3258},
        {"key":"VBA","value":359},
        {"key":"JavaScript","value":582},
        {"key":"Other(s):","value":725},
        {"key":"TypeScript","value":750},
        {"key":"C++","value":145},
        {"key":"R","value":177},
        {"key":"Swift","value":384},
        {"key":"NA","value":499},
        {"key":"WebAssembly","value":90},
        {"key":"Ruby","value":130},
        {"key":"C#","value":87},
        {"key":"Java","value":476},
        {"key":"Rust","value":134},
        {"key":"Kotlin","value":57},
        {"key":"Scala","value":42},
        {"key":"PHP","value":287},
        {"key":"Go","value":5},
        {"key":"Bash/Shell/PowerShell","value":6},
        {"key":"Objective-C","value":16},
        {"key":"Assembly","value":9},
        {"key":"C","value":64},
        {"key":"Erlang","value":2},
        {"key":"F#","value":3},
        {"key":"Clojure","value":1},
        {"key":"Dart","value":3},
        {"key":"Elixir","value":0}
  	]
]