[
    [
        {"key":"Python","value":139},
        {"key":"HTML/CSS","value":9},
        {"key":"SQL","value":535},
        {"key":"VBA","value":108},
        {"key":"JavaScript","value":76},
        {"key":"Other(s):","value":174},
        {"key":"TypeScript","value":167},
        {"key":"C++","value":11},
        {"key":"R","value":13},
        {"key":"Swift","value":54},
        {"key":"NA","value":59},
        {"key":"WebAssembly","value":21},
        {"key":"Ruby","value":36},
        {"key":"C#","value":15},
        {"key":"Java","value":42},
        {"key":"Rust","value":5},
        {"key":"Kotlin","value":14},
        {"key":"Scala","value":12},
        {"key":"PHP","value":61},
        {"key":"Go","value":2},
        {"key":"Bash/Shell/PowerShell","value":8},
        {"key":"Objective-C","value":5},
        {"key":"Assembly","value":10},
        {"key":"C","value":6},
        {"key":"Erlang","value":0},
        {"key":"F#","value":0},
        {"key":"Clojure","value":1},
        {"key":"Dart","value":0},
        {"key":"Elixir","value":1}
  	]
]