{
 "Data": {
  "TotalTagViews": 163,
  "TotalQuestionViews": 0,
  "IsHighRepEarner": false,
  "TagViews": {
   "objective-c": 1,
   ".net": 1,
   "html": 11,
   "javascript": 8,
   "json": 3,
   "css": 10,
   "php": 1,
   "cocoa": 1,
   "c": 20,
   "matlab": 3,
   "d3.js": 6,
   "c#": 2,
   "c++": 59,
   "linux": 2,
   "ios": 1,
   "algorithm": 6,
   "xcode": 5,
   "python": 1,
   "java": 3,
   "visual-studio": 1,
   "jquery": 3,
   "git": 1,
   "ubuntu": 1,
   "performance": 2,
   "opengl": 2,
   "graphics": 1,
   "vmware": 1,
   "http": 1,
   "github": 2,
   "stl": 3,
   "debugging": 1
  },
  "CampaignViews": null,
  "QuestionViews": null,
  "InterestingTags": {
  },
  "SeenAcrossSites": null,
  "DisplayAdPersonas": {
   "BigData": 0.022103585244619802,
   "Cloud": 0.020970475864499998,
   "DevOps": 0.013974189743008701,
   "FrontEnd": 0.12383718326982879,
   "IOT": 0.055345222263054765
  },
  "Seniorities": [],
  "PredictionType": "PersonalizedPredictions",
  "TagPercents": null,
  "Features": [{
   "Group": -1,
   "Order": -1,
   "Value": 126,
   "Feature": "QuestionTotal.OneYear",
   "FeatureType": "SingleFeature"
  }, {
   "Group": -1,
   "Order": -1,
   "Value": 0.015873015873,
   "Feature": "performance",
   "FeatureType": "TagVisits.TagPercent.OneYear"
  }, {
   "Group": -1,
   "Order": -1,
   "Value": 0.007936507936,
   "Feature": "javascript-events",
   "FeatureType": "TagVisits.TagPercent.OneYear"
  }, {
   "Group": -1,
   "Order": -1,
   "Value": 0.015873015873,
   "Feature": "parsing",
   "FeatureType": "TagVisits.TagPercent.OneYear"
  }, {
   "Group": -1,
   "Order": -1,
   "Value": 0.031746031746,
   "Feature": "math",
   "FeatureType": "TagVisits.TagPercent.OneYear"
  }, {
   "Group": -1,
   "Order": -1,
   "Value": 0.007936507936,
   "Feature": "validation",
   "FeatureType": "TagVisits.TagPercent.OneYear"
  }, {
   "Group": -1,
   "Order": -1,
   "Value": 0.079365079365,
   "Feature": "css",
   "FeatureType": "TagVisits.TagPercent.OneYear"
  }, {
   "Group": -1,
   "Order": -1,
   "Value": 0.007936507936,
   "Feature": "if-statement",
   "FeatureType": "TagVisits.TagPercent.OneYear"
  }, {
   "Group": -1,
   "Order": -1,
   "Value": 0.007936507936,
   "Feature": "data-structures",
   "FeatureType": "TagVisits.TagPercent.OneYear"
  }, {
   "Group": -1,
   "Order": -1,
   "Value": 0.007936507936,
   "Feature": "concatenation",
   "FeatureType": "TagVisits.TagPercent.OneYear"
  }, {
   "Group": -1,
   "Order": -1,
   "Value": 0.119047619047,
   "Feature": "assembly",
   "FeatureType": "TagVisits.TagPercent.OneYear"
  }, {
   "Group": -1,
   "Order": -1,
   "Value": 0.015873015873,
   "Feature": "java",
   "FeatureType": "TagVisits.TagPercent.OneYear"
  }, {
   "Group": -1,
   "Order": -1,
   "Value": 0.015873015873,
   "Feature": "integer",
   "FeatureType": "TagVisits.TagPercent.OneYear"
  }, {
   "Group": -1,
   "Order": -1,
   "Value": 0.015873015873,
   "Feature": "github",
   "FeatureType": "TagVisits.TagPercent.OneYear"
  }, {
   "Group": -1,
   "Order": -1,
   "Value": 0.023809523809,
   "Feature": "floating-point",
   "FeatureType": "TagVisits.TagPercent.OneYear"
  }, {
   "Group": -1,
   "Order": -1,
   "Value": 0.031746031746,
   "Feature": "c++11",
   "FeatureType": "TagVisits.TagPercent.OneYear"
  }, {
   "Group": -1,
   "Order": -1,
   "Value": 0.007936507936,
   "Feature": "switch-statement",
   "FeatureType": "TagVisits.TagPercent.OneYear"
  }, {
   "Group": -1,
   "Order": -1,
   "Value": 0.031746031746,
   "Feature": "xcode",
   "FeatureType": "TagVisits.TagPercent.OneYear"
  }, {
   "Group": -1,
   "Order": -1,
   "Value": 0.015873015873,
   "Feature": "for-loop",
   "FeatureType": "TagVisits.TagPercent.OneYear"
  }, {
   "Group": -1,
   "Order": -1,
   "Value": 0.007936507936,
   "Feature": "command-line",
   "FeatureType": "TagVisits.TagPercent.OneYear"
  }, {
   "Group": -1,
   "Order": -1,
   "Value": 0.007936507936,
   "Feature": "debugging",
   "FeatureType": "TagVisits.TagPercent.OneYear"
  }, {
   "Group": -1,
   "Order": -1,
   "Value": 0.007936507936,
   "Feature": "installation",
   "FeatureType": "TagVisits.TagPercent.OneYear"
  }, {
   "Group": -1,
   "Order": -1,
   "Value": 0.023809523809,
   "Feature": "matlab",
   "FeatureType": "TagVisits.TagPercent.OneYear"
  }, {
   "Group": -1,
   "Order": -1,
   "Value": 0.15873015873,
   "Feature": "c",
   "FeatureType": "TagVisits.TagPercent.OneYear"
  }, {
   "Group": -1,
   "Order": -1,
   "Value": 0.007936507936,
   "Feature": "http",
   "FeatureType": "TagVisits.TagPercent.OneYear"
  }, {
   "Group": -1,
   "Order": -1,
   "Value": 0.007936507936,
   "Feature": "char",
   "FeatureType": "TagVisits.TagPercent.OneYear"
  }, {
   "Group": -1,
   "Order": -1,
   "Value": 0.007936507936,
   "Feature": "type-conversion",
   "FeatureType": "TagVisits.TagPercent.OneYear"
  }, {
   "Group": -1,
   "Order": -1,
   "Value": 0.063492063492,
   "Feature": "javascript",
   "FeatureType": "TagVisits.TagPercent.OneYear"
  }, {
   "Group": -1,
   "Order": -1,
   "Value": 0.047619047619,
   "Feature": "algorithm",
   "FeatureType": "TagVisits.TagPercent.OneYear"
  }, {
   "Group": -1,
   "Order": -1,
   "Value": 0.015873015873,
   "Feature": "layout",
   "FeatureType": "TagVisits.TagPercent.OneYear"
  }, {
   "Group": -1,
   "Order": -1,
   "Value": 0.007936507936,
   "Feature": "language-agnostic",
   "FeatureType": "TagVisits.TagPercent.OneYear"
  }, {
   "Group": -1,
   "Order": -1,
   "Value": 0.015873015873,
   "Feature": "svg",
   "FeatureType": "TagVisits.TagPercent.OneYear"
  }, {
   "Group": -1,
   "Order": -1,
   "Value": 0.007936507936,
   "Feature": "ios",
   "FeatureType": "TagVisits.TagPercent.OneYear"
  }, {
   "Group": -1,
   "Order": -1,
   "Value": 0.007936507936,
   "Feature": "hex",
   "FeatureType": "TagVisits.TagPercent.OneYear"
  }, {
   "Group": -1,
   "Order": -1,
   "Value": 0.047619047619,
   "Feature": "d3.js",
   "FeatureType": "TagVisits.TagPercent.OneYear"
  }, {
   "Group": -1,
   "Order": -1,
   "Value": 0.007936507936,
   "Feature": "ubuntu",
   "FeatureType": "TagVisits.TagPercent.OneYear"
  }, {
   "Group": -1,
   "Order": -1,
   "Value": 0.015873015873,
   "Feature": "templates",
   "FeatureType": "TagVisits.TagPercent.OneYear"
  }, {
   "Group": -1,
   "Order": -1,
   "Value": 0.007936507936,
   "Feature": "encoding",
   "FeatureType": "TagVisits.TagPercent.OneYear"
  }, {
   "Group": -1,
   "Order": -1,
   "Value": 0.039682539682,
   "Feature": "arrays",
   "FeatureType": "TagVisits.TagPercent.OneYear"
  }, {
   "Group": -1,
   "Order": -1,
   "Value": 0.007936507936,
   "Feature": "hyperlink",
   "FeatureType": "TagVisits.TagPercent.OneYear"
  }, {
   "Group": -1,
   "Order": -1,
   "Value": 0.023809523809,
   "Feature": "stl",
   "FeatureType": "TagVisits.TagPercent.OneYear"
  }, {
   "Group": -1,
   "Order": -1,
   "Value": 0.015873015873,
   "Feature": "c#",
   "FeatureType": "TagVisits.TagPercent.OneYear"
  }, {
   "Group": -1,
   "Order": -1,
   "Value": 0.007936507936,
   "Feature": "objective-c",
   "FeatureType": "TagVisits.TagPercent.OneYear"
  }, {
   "Group": -1,
   "Order": -1,
   "Value": 0.007936507936,
   "Feature": "compiler-errors",
   "FeatureType": "TagVisits.TagPercent.OneYear"
  }, {
   "Group": -1,
   "Order": -1,
   "Value": 0.007936507936,
   "Feature": "dll",
   "FeatureType": "TagVisits.TagPercent.OneYear"
  }, {
   "Group": -1,
   "Order": -1,
   "Value": 0.007936507936,
   "Feature": "php",
   "FeatureType": "TagVisits.TagPercent.OneYear"
  }, {
   "Group": -1,
   "Order": -1,
   "Value": 0.015873015873,
   "Feature": "flexbox",
   "FeatureType": "TagVisits.TagPercent.OneYear"
  }, {
   "Group": -1,
   "Order": -1,
   "Value": 0.007936507936,
   "Feature": "static",
   "FeatureType": "TagVisits.TagPercent.OneYear"
  }, {
   "Group": -1,
   "Order": -1,
   "Value": 0.015873015873,
   "Feature": "cmake",
   "FeatureType": "TagVisits.TagPercent.OneYear"
  }, {
   "Group": -1,
   "Order": -1,
   "Value": 0.023809523809,
   "Feature": "jquery",
   "FeatureType": "TagVisits.TagPercent.OneYear"
  }, {
   "Group": -1,
   "Order": -1,
   "Value": 0.015873015873,
   "Feature": "binary",
   "FeatureType": "TagVisits.TagPercent.OneYear"
  }, {
   "Group": -1,
   "Order": -1,
   "Value": 0.007936507936,
   "Feature": "google-chrome",
   "FeatureType": "TagVisits.TagPercent.OneYear"
  }, {
   "Group": -1,
   "Order": -1,
   "Value": 0.007936507936,
   "Feature": "image",
   "FeatureType": "TagVisits.TagPercent.OneYear"
  }, {
   "Group": -1,
   "Order": -1,
   "Value": 0.007936507936,
   "Feature": "vmware",
   "FeatureType": "TagVisits.TagPercent.OneYear"
  }, {
   "Group": -1,
   "Order": -1,
   "Value": 0.015873015873,
   "Feature": "opengl",
   "FeatureType": "TagVisits.TagPercent.OneYear"
  }, {
   "Group": -1,
   "Order": -1,
   "Value": 0.007936507936,
   "Feature": "exception",
   "FeatureType": "TagVisits.TagPercent.OneYear"
  }, {
   "Group": -1,
   "Order": -1,
   "Value": 0.023809523809,
   "Feature": "gcc",
   "FeatureType": "TagVisits.TagPercent.OneYear"
  }, {
   "Group": -1,
   "Order": -1,
   "Value": 0.007936507936,
   "Feature": "reference",
   "FeatureType": "TagVisits.TagPercent.OneYear"
  }, {
   "Group": -1,
   "Order": -1,
   "Value": 0.007936507936,
   "Feature": "pointers",
   "FeatureType": "TagVisits.TagPercent.OneYear"
  }, {
   "Group": -1,
   "Order": -1,
   "Value": 0.039682539682,
   "Feature": "makefile",
   "FeatureType": "TagVisits.TagPercent.OneYear"
  }, {
   "Group": -1,
   "Order": -1,
   "Value": 0.015873015873,
   "Feature": "linux",
   "FeatureType": "TagVisits.TagPercent.OneYear"
  }, {
   "Group": -1,
   "Order": -1,
   "Value": 0.007936507936,
   "Feature": "graphics",
   "FeatureType": "TagVisits.TagPercent.OneYear"
  }, {
   "Group": -1,
   "Order": -1,
   "Value": 0.007936507936,
   "Feature": "visual-studio",
   "FeatureType": "TagVisits.TagPercent.OneYear"
  }, {
   "Group": -1,
   "Order": -1,
   "Value": 0.039682539682,
   "Feature": "string",
   "FeatureType": "TagVisits.TagPercent.OneYear"
  }, {
   "Group": -1,
   "Order": -1,
   "Value": 0.015873015873,
   "Feature": "url",
   "FeatureType": "TagVisits.TagPercent.OneYear"
  }, {
   "Group": -1,
   "Order": -1,
   "Value": 0.45238095238,
   "Feature": "c++",
   "FeatureType": "TagVisits.TagPercent.OneYear"
  }, {
   "Group": -1,
   "Order": -1,
   "Value": 0.007936507936,
   "Feature": "coding-style",
   "FeatureType": "TagVisits.TagPercent.OneYear"
  }, {
   "Group": -1,
   "Order": -1,
   "Value": 0.007936507936,
   "Feature": "operators",
   "FeatureType": "TagVisits.TagPercent.OneYear"
  }, {
   "Group": -1,
   "Order": -1,
   "Value": 0.015873015873,
   "Feature": "file-io",
   "FeatureType": "TagVisits.TagPercent.OneYear"
  }, {
   "Group": -1,
   "Order": -1,
   "Value": 0.007936507936,
   "Feature": "json",
   "FeatureType": "TagVisits.TagPercent.OneYear"
  }, {
   "Group": -1,
   "Order": -1,
   "Value": 0.007936507936,
   "Feature": "loops",
   "FeatureType": "TagVisits.TagPercent.OneYear"
  }, {
   "Group": -1,
   "Order": -1,
   "Value": 0.007936507936,
   "Feature": "cocoa",
   "FeatureType": "TagVisits.TagPercent.OneYear"
  }, {
   "Group": -1,
   "Order": -1,
   "Value": 0.087301587301,
   "Feature": "html",
   "FeatureType": "TagVisits.TagPercent.OneYear"
  }, {
   "Group": -1,
   "Order": -1,
   "Value": 0.047619047619,
   "Feature": "matrix",
   "FeatureType": "TagVisits.TagPercent.OneYear"
  }, {
   "Group": -1,
   "Order": -1,
   "Value": 0.047619047619,
   "Feature": "vector",
   "FeatureType": "TagVisits.TagPercent.OneYear"
  }, {
   "Group": -1,
   "Order": -1,
   "Value": 0.007936507936,
   "Feature": "visual-studio-2010",
   "FeatureType": "TagVisits.TagPercent.OneYear"
  }, {
   "Group": -1,
   "Order": -1,
   "Value": 0.007936507936,
   "Feature": ".net",
   "FeatureType": "TagVisits.TagPercent.OneYear"
  }, {
   "Group": -1,
   "Order": -1,
   "Value": 0.007936507936,
   "Feature": "git",
   "FeatureType": "TagVisits.TagPercent.OneYear"
  }],
  "Languages": []
 },
 "PrivacyPolicyLink": "https://stackexchange.com/legal/privacy-policy",
 "GeneratedOn": "2020-02-18",
 "Disclaimer": "This data is derived from your activity and various data processing algorithms.  It represents \"best guesses\" about you, and is unlikely to be completely accurate.  Use is governed by the Stack Exchange Privacy Policy."
}